fetched_at,kind,status,url,note
2026-09-20T20:11:22Z,grantees-sitemap,200,https://prometheusfdn.org/grantees-sitemap.xml,
2026-09-20T20:11:24Z,grantee-page,200,https://prometheusfdn.org/grantees/ricardos-time/,
2026-09-20T20:11:27Z,grantee-page,200,https://prometheusfdn.org/grantees/aaron-briley/,
2026-09-20T20:11:29Z,grantee-page,200,https://prometheusfdn.org/grantees/andrew-bernstein/,
2026-09-20T20:11:31Z,grantee-page,200,https://prometheusfdn.org/grantees/dan-norton/,
2026-09-20T20:11:34Z,grantee-page,200,https://prometheusfdn.org/grantees/duncan-scott-productions/,
2026-09-20T20:11:36Z,grantee-page,200,https://prometheusfdn.org/grantees/ayn-rand-center-latin-america/,
2026-09-20T20:11:38Z,grantee-page,200,https://prometheusfdn.org/grantees/center-for-industrial-progress/,
2026-09-20T20:11:41Z,grantee-page,200,https://prometheusfdn.org/grantees/clemson-institute-for-the-study-of-capitalism/,
2026-09-20T20:11:43Z,grantee-page,200,https://prometheusfdn.org/grantees/ed-snider-center-for-enterprise/,
2026-09-20T20:11:46Z,grantee-page,200,https://prometheusfdn.org/grantees/galt-media-center-brazil/,
2026-09-20T20:11:48Z,grantee-page,200,https://prometheusfdn.org/grantees/gregory-salmieri/,
2026-09-20T20:11:50Z,grantee-page,200,https://prometheusfdn.org/grantees/marsha-enright/,
2026-09-20T20:11:52Z,grantee-page,200,https://prometheusfdn.org/grantees/mystery-science/,
2026-09-20T20:11:55Z,grantee-page,200,https://prometheusfdn.org/grantees/project-arizona-and-liberty-international/,
2026-09-20T20:11:58Z,grantee-page,200,https://prometheusfdn.org/grantees/jason-hill/,
2026-09-20T20:12:00Z,grantee-page,200,https://prometheusfdn.org/grantees/the-undercurrent/,
2026-09-20T20:12:03Z,grantee-page,200,https://prometheusfdn.org/grantees/the-rubin-report/,
2026-09-20T20:12:06Z,grantee-page,200,https://prometheusfdn.org/grantees/timothy-sandefur/,
2026-09-20T20:12:08Z,grantee-page,200,https://prometheusfdn.org/grantees/tyler-ashby/,
2026-09-20T20:12:11Z,grantee-page,200,https://prometheusfdn.org/grantees/ayn-rand-archives/,
2026-09-20T20:12:14Z,grantee-page,200,https://prometheusfdn.org/grantees/deanna-heikkinen/,
2026-09-20T20:12:17Z,grantee-page,200,https://prometheusfdn.org/grantees/rand-camp/,
2026-09-20T20:12:20Z,grantee-page,200,https://prometheusfdn.org/grantees/strive/,
2026-09-20T20:12:22Z,grantee-page,200,https://prometheusfdn.org/grantees/freedom-and-entrepreneurship-foundation/,
2026-09-20T20:12:25Z,grantee-page,200,https://prometheusfdn.org/grantees/ayn-rand-center-belarus/,
2026-09-20T20:12:27Z,grantee-page,200,https://prometheusfdn.org/grantees/ayn-rand-center-russia/,
2026-09-20T20:12:30Z,grantee-page,200,https://prometheusfdn.org/grantees/berlin-center-for-individualist-thought/,
2026-09-20T20:12:33Z,grantee-page,200,https://prometheusfdn.org/grantees/austrian-economic-center/,
2026-09-20T20:12:36Z,grantee-page,200,https://prometheusfdn.org/grantees/objetivismo/,
2026-09-20T20:12:39Z,grantee-page,200,https://prometheusfdn.org/grantees/liberaal-vlaams-studenten-verbond/,
2026-09-20T20:12:41Z,grantee-page,200,https://prometheusfdn.org/grantees/martin-hooss/,
2026-09-20T20:12:44Z,grantee-page,200,https://prometheusfdn.org/grantees/danijela-mitrovic/,
2026-09-20T20:12:46Z,grantee-page,200,https://prometheusfdn.org/grantees/nikolaos-kostopoulos/,
2026-09-20T20:12:49Z,grantee-page,200,https://prometheusfdn.org/grantees/artistelion-centre-for-reason-and-objectivism/,
2026-09-20T20:12:51Z,grantee-page,200,https://prometheusfdn.org/grantees/rainier-schuur/,
2026-09-20T20:12:54Z,grantee-page,200,https://prometheusfdn.org/grantees/obiektywizm-pl/,
2026-09-20T20:12:56Z,grantee-page,200,https://prometheusfdn.org/grantees/philipp-dammer/,
2026-09-20T20:12:59Z,grantee-page,200,https://prometheusfdn.org/grantees/nikos-sotirakopoulos/,
2026-09-20T20:13:03Z,grantee-page,200,https://prometheusfdn.org/grantees/ayn-rand-centre-uk/,
2026-09-20T20:13:05Z,grantee-page,200,https://prometheusfdn.org/grantees/cevro-institute/,
2026-09-20T20:13:08Z,grantee-page,200,https://prometheusfdn.org/grantees/eszter-nova/,
2026-09-20T20:13:10Z,grantee-page,200,https://prometheusfdn.org/grantees/novel-philosophy-academy/,
2026-09-20T20:13:13Z,grantee-page,200,https://prometheusfdn.org/grantees/ayn-rand-center-japan/,
2026-09-20T20:13:16Z,grantee-page,200,https://prometheusfdn.org/grantees/philosophy-detective/,
2026-09-20T20:13:18Z,grantee-page,200,https://prometheusfdn.org/grantees/eden-arad/,
2026-09-20T20:13:21Z,grantee-page,200,https://prometheusfdn.org/grantees/atlas-laissez-faire-institute/,
2026-09-20T20:13:23Z,grantee-page,200,https://prometheusfdn.org/grantees/bruno-leoni-institute/,
2026-09-20T20:13:26Z,grantee-page,200,https://prometheusfdn.org/grantees/ozgur-ozer/,
2026-09-20T20:13:28Z,grantee-page,200,https://prometheusfdn.org/grantees/lisa-kinspherger/,
2026-09-20T20:13:31Z,grantee-page,200,https://prometheusfdn.org/grantees/foundation-for-research-and-education-in-economics/,
2026-09-20T20:13:33Z,grantee-page,200,https://prometheusfdn.org/grantees/americas-future/,
2026-09-20T20:13:36Z,grantee-page,200,https://prometheusfdn.org/grantees/foundation-for-economic-education/,
2026-09-20T20:13:38Z,grantee-page,200,https://prometheusfdn.org/grantees/objective-standard-institute/,
2026-09-20T20:13:41Z,grantee-page,200,https://prometheusfdn.org/grantees/students-for-liberty/,
2026-09-20T20:13:43Z,grantee-page,200,https://prometheusfdn.org/grantees/goldwater-institute/,
2026-09-20T20:13:46Z,grantee-page,200,https://prometheusfdn.org/grantees/atlas-network/,
2026-09-20T20:13:48Z,grantee-page,200,https://prometheusfdn.org/grantees/thomas-paine-institute/,
2026-09-20T20:13:50Z,grantee-page,200,https://prometheusfdn.org/grantees/ayn-rand-center-georgia/,
2026-09-20T20:13:53Z,grantee-page,200,https://prometheusfdn.org/grantees/ayn-rand-center-israel/,
2026-09-20T20:13:55Z,grantee-page,200,https://prometheusfdn.org/grantees/ayn-rand-center-armenia/,
2026-09-20T20:13:57Z,grantee-page,200,https://prometheusfdn.org/grantees/turkish-objectivist-network/,
2026-09-20T20:14:00Z,grantee-page,200,https://prometheusfdn.org/grantees/ideas-beyond-borders/,
2026-09-20T20:14:03Z,grantee-page,200,https://prometheusfdn.org/grantees/aditya-patil/,
2026-09-20T20:14:05Z,grantee-page,200,https://prometheusfdn.org/grantees/kiyah-willis/,
2026-09-20T20:14:08Z,grantee-page,200,https://prometheusfdn.org/grantees/anna-tymoshenko/,
2026-09-20T20:14:11Z,grantee-page,200,https://prometheusfdn.org/grantees/john-devlin/,
2026-09-20T20:14:13Z,grantee-page,200,https://prometheusfdn.org/grantees/angelica-werth/,
2026-09-20T20:14:16Z,grantee-page,200,https://prometheusfdn.org/grantees/seamus-riley/,
2026-09-20T20:14:18Z,grantee-page,200,https://prometheusfdn.org/grantees/tim-white/,
2026-09-20T20:14:21Z,grantee-page,200,https://prometheusfdn.org/grantees/aleksandra-jelesijevic/,
2026-09-20T20:14:24Z,grantee-page,200,https://prometheusfdn.org/grantees/daria-topchii/,
2026-09-20T20:14:26Z,grantee-page,200,https://prometheusfdn.org/grantees/margherita-bovo/,
2026-09-20T20:14:29Z,grantee-page,200,https://prometheusfdn.org/grantees/thomas-walker-werth/,
2026-09-20T20:14:31Z,grantee-page,200,https://prometheusfdn.org/grantees/irakli-iagorashvili/,
2026-09-20T20:14:34Z,grantee-page,200,https://prometheusfdn.org/grantees/maddox-locher/,
2026-09-20T20:14:36Z,grantee-page,200,https://prometheusfdn.org/grantees/adam-smith-institute/,
2026-09-20T20:14:39Z,grantee-page,200,https://prometheusfdn.org/grantees/ayn-rand-center-europe/,
2026-09-20T20:14:41Z,grantee-page,200,https://prometheusfdn.org/grantees/ayn-rand-center-ukraine/,
2026-09-20T20:14:44Z,grantee-page,200,https://prometheusfdn.org/grantees/ayn-rand-center-holland-and-ayn-rand-center-morocco/,
2026-09-20T20:14:46Z,grantee-page,200,https://prometheusfdn.org/grantees/universidad-francisco-marroquin/,
2026-09-20T20:14:49Z,grantee-page,200,https://prometheusfdn.org/grantees/prageru/,
