year,author,articles
2006,Alan Germani,8
2006,Andrew Bernstein,1
2006,C. Bradley Thompson,1
2006,Craig Biddle,26
2006,David Harriman,2
2006,Dianne Durante,1
2006,Edwin A. Locke,1
2006,Elan Journo,2
2006,John David Lewis,10
2006,Larry Salzman,3
2006,Lisa VanDamme,9
2006,Veronica Ryan,1
2006,Yaron Brook; Alex Epstein,1
2007,Andrew Bernstein,1
2007,Craig Biddle,20
2007,David Harriman,1
2007,David Littel,1
2007,Dianne Durante,1
2007,John David Lewis,2
2007,Lin Zinser,1
2007,Lisa VanDamme,13
2007,Robert Mayhew,2
2007,Yaron Brook,4
2008,Alan Germani,1
2008,Alex Epstein,1
2008,Andrew Bernstein,2
2008,Craig Biddle,14
2008,David Harriman,3
2008,Elan Journo,1
2008,Keith Lockitch,1
2008,Lisa VanDamme,1
2008,Mark V. Kormes,1
2008,Raymond C. Niles,2
2008,Tara Smith,1
2008,Tore Boeckmann,1
2008,Veronica Ryan,1
2008,Yaron Brook,1
2009,Alex Epstein,1
2009,Craig Biddle,18
2009,Daniel Wahl,2
2009,Elan Journo,1
2009,John David Lewis,2
2009,Lisa VanDamme,2
2009,Michael Dahlen,2
2009,Paul Hsieh,2
2009,Paul J. Beard III,1
2009,Raymond C. Niles,1
2009,Stella Daily Zawistowski,1
2009,Yaron Brook,1
2010,Alan Germani,3
2010,C. A. Wolski,1
2010,Craig Biddle,18
2010,Daniel Wahl,7
2010,David H. Mirman,1
2010,Dina Schein Federman,1
2010,Doug Altner,1
2010,Michael Dahlen,1
2010,Sarah Biddle,1
2010,Sean Saulsbury,1
2010,Wendell Hoenir,4
2011,C. A. Wolski,2
2011,Craig Biddle,21
2011,Daniel Wahl,9
2011,Joseph Kellard,1
2011,Joshua Lipana,3
2011,Michael A. LaFerrara,2
2011,Richard M. Salsman,1
2011,Roderick Fitts,1
2012,Andrew Bernstein,2
2012,Ari Armstrong,20
2012,Burgess Laughlin,1
2012,C. Bradley Thompson,1
2012,Craig Biddle,21
2012,Daniel Wahl,1
2012,Joshua Lipana,4
2012,Michael A. LaFerrara,10
2012,Richard M. Salsman,2
2012,Ross England,2
2013,Andrew Bernstein,1
2013,Ari Armstrong,22
2013,C. Bradley Thompson,1
2013,Craig Biddle,12
2013,Daniel Wahl,2
2013,David Biederman,1
2013,Derrick Nantz,1
2013,Earl Parson,1
2013,Jason Letman,1
2013,Joseph England,1
2013,Joshua Lipana,1
2013,Michael A. LaFerrara,7
2013,Natalie Ogle,3
2013,Richard M. Salsman,2
2013,Robert Begley,2
2013,Roberto Sarrionandia,1
2013,Zachary Huffman,1
2014,Alexander V. Marriott,2
2014,Ari Armstrong,71
2014,Craig Biddle,26
2014,Daniel Wahl,4
2014,David Biederman,5
2014,Jason Letman,1
2014,Joseph Kellard,2
2014,Michael A. LaFerrara,6
2014,Mitchell Feinberg,1
2014,Natalie Ogle,5
2014,Raymond C. Niles,1
2014,Robert Begley,2
2014,Stephen Bourque,1
2014,Stuart K. Hayashi,1
2015,Alexander V. Marriott,1
2015,Andrew Bernstein,2
2015,Ari Armstrong,13
2015,Carrie-Ann Biondi,1
2015,Craig Biddle,29
2015,Daniel Wahl,10
2015,Earl Parson,1
2015,James Valliant,1
2015,Jim Brown,1
2015,Joseph England,1
2015,Kirk Barbera,5
2015,Michael A. LaFerrara,2
2015,Richard M. Salsman,2
2015,Richard Shedenhelm,1
2015,Sarah Biddle; Craig Biddle,1
2016,Andrew Bernstein,3
2016,Betsy Speicher,1
2016,C. Bradley Thompson,1
2016,Craig Biddle,36
2016,Daniel Wahl,11
2016,David Biederman,1
2016,Jim Brown,2
2016,Jon Hersey,1
2016,Joseph England,1
2016,Joseph Kellard,1
2016,Michael A. LaFerrara,1
2016,Michael Berliner,1
2016,Michael Dahlen,1
2016,Michael Mazzone,1
2016,Sarah Biddle,1
2016,Stuart K. Hayashi,1
2016,Timothy Sandefur,3
2017,Amy Peikoff,1
2017,Auberon Herbert,1
2017,Betsy Speicher,1
2017,Conrad Lagowski,1
2017,Craig Biddle,30
2017,Harry Binswanger,3
2017,Jake Hanley,1
2017,John Ridpath,1
2017,Jon Hersey,7
2017,Jonathan Townley,1
2017,Joseph Kellard,1
2017,Mark Coldren,1
2017,Michael Berliner,1
2017,Michael Dahlen,2
2017,Mike Cronin,1
2017,Nicholas Provenzo,1
2017,Norman Podhoretz,1
2017,Peter Seferian,1
2017,Raymond C. Niles,1
2017,Richard M. Salsman,2
2017,Robert Begley,1
2017,Robin Field,1
2017,Roderick Fitts,1
2017,Ryan Puzycki,1
2017,Timothy Sandefur,2
2017,Various Authors,3
2017,Yvonne Laplante,1
2018,Andrew Bernstein,1
2018,Anna Franco,1
2018,Betsy Speicher,1
2018,Brian Tebbitt,1
2018,Carrie-Ann Biondi,1
2018,Christina Sandefur,1
2018,Craig Biddle,30
2018,Ella Wilson,1
2018,Frederick Douglass,1
2018,Harry Binswanger,1
2018,Jeffrey Falk,1
2018,Jon Hersey,25
2018,Jonathan Townley,3
2018,Joseph Kellard,1
2018,Julian Hook,1
2018,Michael Dahlen,1
2018,Nicholas Provenzo,3
2018,Peter Seferian,1
2018,Richard M. Salsman,1
2018,Robert Begley,7
2018,Ryan Puzycki,2
2018,Sarah Biddle,1
2018,Tim White,1
2018,Timothy Sandefur,6
2018,Tom Malone,5
2018,Various Authors,1
2019,Alex Bleier,1
2019,Anders Ingemarson,1
2019,Andrew Bernstein,1
2019,Arie Vilner,1
2019,Craig Biddle,14
2019,David King,1
2019,Helen Hamann,1
2019,Ira Chaleff,1
2019,Jeffrey Falk,1
2019,John Keats,1
2019,Jon Hersey,15
2019,Jonathan Townley,4
2019,Joseph Kellard,1
2019,Lisa VanDamme,1
2019,Lolita Allgyer,1
2019,Michael Dahlen,1
2019,Nicholas Provenzo,1
2019,Robert Begley,3
2019,Stephanie Bond,1
2019,Stephen R. C. Hicks,1
2019,Stewart Margolis,1
2019,Tim White,12
2019,Timothy Sandefur,41
2019,Various Authors,2
2019,William Nauenburg,1
2020,Aaron Briley,3
2020,Andrew Bernstein,3
2020,Angelica Werth,1
2020,Arie Vilner,1
2020,Connor Watts,1
2020,Craig Biddle,8
2020,David King,1
2020,David Veksler,1
2020,Ellen Kenner,1
2020,Elliott Hill,1
2020,Eric Daniels,1
2020,F. F. Mormanni,1
2020,Faith Quintero,1
2020,Frank Olechnowicz,1
2020,Grace Steele,1
2020,Jared M. Rhoads,1
2020,Jennifer K. Crosby,1
2020,Jon Hersey,17
2020,Jonathan Townley,1
2020,Joseph Kellard,4
2020,Julian Markowitz,1
2020,Keith Sanders,3
2020,Kerry McDonald,1
2020,Leisa Hart,1
2020,Maggie Bird,1
2020,Michael Dahlen,2
2020,Owen Lewis,1
2020,Sarah Biddle,1
2020,Steven Kornweiss,1
2020,Thomas F. Walker,8
2020,Tim Chermak,1
2020,Tim White,16
2020,Timothy Sandefur,5
2020,William Nauenburg,4
2021,Aaron Briley,1
2021,Andreea Mincu,6
2021,Andrew Bernstein,2
2021,Angelica Werth,10
2021,Betsy Speicher,1
2021,Clytze Sun,1
2021,Craig Biddle,6
2021,David McGruer,1
2021,Dianne Durante,1
2021,F. F. Mormanni,7
2021,Frank Olechnowicz,1
2021,Jim Brown,1
2021,Jon Hersey,19
2021,Joseph Kellard,3
2021,Julian Markowitz,1
2021,Maggie Bird,1
2021,Michael Cragin,1
2021,Michael Dahlen,1
2021,Molly Sechrest,1
2021,Raymond C. Niles,1
2021,Robert Begley,1
2021,Thomas F. Walker,13
2021,Timothy Sandefur,11
2021,William Nauenburg,2
2022,Andreea Mincu,1
2022,Andrew Bernstein,4
2022,Angelica Werth,6
2022,Ayaan Hirsi Ali,1
2022,Carrie-Ann Biondi,1
2022,Clytze Sun,1
2022,Craig Biddle,5
2022,Faith Quintero,1
2022,Jon Hersey,12
2022,Jon Wos,1
2022,Martin Hooss,1
2022,Michael Dahlen,1
2022,Nicholas Baum,1
2022,Robert Begley,1
2022,Thomas F. Walker,13
2022,Thomas F. Walker; Angelica Werth,1
2022,Tim White,1
2022,Timothy Sandefur,8
2022,Various Authors,2
2023,Andrew Bernstein,1
2023,Angelica Werth,6
2023,Craig Biddle,4
2023,Dan Sanchez,1
2023,Jon Hersey,19
2023,Justyna Piątek-Pawłowska,2
2023,Michael Dahlen,1
2023,Richard Mitchell,1
2023,Seamus Riley,1
2023,Thomas F. Walker,14
2023,Thomas F. Walker; Angelica Werth,1
2023,Tim White,1
2023,Timothy Sandefur,5
2023,Various Authors,1
2023,William Kingdon Clifford,1
2024,Andrew Bernstein,2
2024,Angelica Werth,4
2024,Bill Sanders,1
2024,Craig Biddle,3
2024,Dan Sullivan,1
2024,Elizabeth Weiss,1
2024,Javier Milei,1
2024,Johan Norberg,1
2024,Jon Hersey,8
2024,Ligeia Rose,1
2024,Lucas Voltolini,1
2024,Michael Dahlen,1
2024,Robert Ingersoll,1
2024,Saul Zimet,1
2024,Thomas F. Walker,9
2024,Timothy Sandefur,7
2024,Tom Malone,1
2025,Angelica Werth,8
2025,Craig Biddle,14
2025,Daria Topchii,1
2025,David Chávez Salazar,1
2025,Elihu Palmer,1
2025,Eran Boodnero,1
2025,Harrison Griffiths,1
2025,John Devlin,1
2025,Kiyah Willis,1
2025,Maddox Locher,1
2025,Michael Dahlen,2
2025,Nadav Sternheim,2
2025,Nicholas Provenzo,3
2025,Thomas F. Walker,15
2025,Timothy Sandefur,1
2025,Tom Malone,4
2025,Various Authors,1
2026,Aditya Patil,1
2026,Angelica Werth,4
2026,Anna Shnaidman,1
2026,Ava Scott-Nadal,1
2026,Craig Biddle,5
2026,Daria Topchii,2
2026,Georgy Sinitsky,1
2026,John Devlin,1
2026,Margherita Bovo,3
2026,Nicholas Provenzo,1
2026,Rebecca Day,2
2026,Robert Bidinotto,1
2026,TOS Admin,1
2026,Thomas F. Walker,13
2026,Tim Chermak,1
2026,Tim White,3
2026,Timothy Sandefur,2
2026,Various Authors,2
