author,full_text_records
Unknown,393
Craig Biddle,360
Ari Armstrong,126
Jon Hersey,123
Timothy Sandefur,91
Thomas F. Walker,85
Daniel Wahl,46
Angelica Werth,39
Tim White,34
Michael A. LaFerrara,28
Andrew Bernstein,26
Lisa VanDamme,26
Robert Begley,17
Michael Dahlen,16
John David Lewis,14
Joseph Kellard,14
Various Authors,13
Alan Germani,12
Richard M. Salsman,10
Tom Malone,10
Jonathan Townley,9
Nicholas Provenzo,9
F. F. Mormanni,8
Joshua Lipana,8
Natalie Ogle,8
Andreea Mincu,7
David Biederman,7
William Nauenburg,7
David Harriman,6
Raymond C. Niles,6
Yaron Brook,6
Kirk Barbera,5
Aaron Briley,4
Betsy Speicher,4
C. Bradley Thompson,4
Elan Journo,4
Harry Binswanger,4
Jim Brown,4
Sarah Biddle,4
Wendell Hoenir,4
Alexander V. Marriott,3
C. A. Wolski,3
Carrie-Ann Biondi,3
Daria Topchii,3
Dianne Durante,3
Joseph England,3
Keith Sanders,3
Larry Salzman,3
Margherita Bovo,3
Ryan Puzycki,3
TOS Admin,3
Alex Epstein,2
Arie Vilner,2
Clytze Sun,2
David King,2
Earl Parson,2
Faith Quintero,2
Frank Olechnowicz,2
Jason Letman,2
Jeffrey Falk,2
John Devlin,2
Julian Markowitz,2
Justyna Piątek-Pawłowska,2
Maggie Bird,2
Michael Berliner,2
Nadav Sternheim,2
Paul Hsieh,2
Peter Seferian,2
Rebecca Day,2
Robert Mayhew,2
Roderick Fitts,2
Ross England,2
Stuart K. Hayashi,2
Thomas F. Walker; Angelica Werth,2
Tim Chermak,2
Veronica Ryan,2
Aditya Patil,1
Alex Bleier,1
Amy Peikoff,1
Anders Ingemarson,1
Anna Franco,1
Anna Shnaidman,1
Auberon Herbert,1
Ava Scott-Nadal,1
Ayaan Hirsi Ali,1
Bill Sanders,1
Brian Tebbitt,1
Burgess Laughlin,1
Christina Sandefur,1
Connor Watts,1
Conrad Lagowski,1
Dan Sanchez,1
Dan Sullivan,1
David Chávez Salazar,1
David H. Mirman,1
David Littel,1
David McGruer,1
David Veksler,1
Derrick Nantz,1
Dina Schein Federman,1
Doug Altner,1
Edwin A. Locke,1
Elihu Palmer,1
Elizabeth Weiss,1
Ella Wilson,1
Ellen Kenner,1
Elliott Hill,1
Eran Boodnero,1
Eric Daniels,1
Frederick Douglass,1
Georgy Sinitsky,1
Grace Steele,1
Harrison Griffiths,1
Helen Hamann,1
Ira Chaleff,1
Jake Hanley,1
James Valliant,1
Jared M. Rhoads,1
Javier Milei,1
Jennifer K. Crosby,1
Johan Norberg,1
John Keats,1
John Ridpath,1
Jon Wos,1
Julian Hook,1
Keith Lockitch,1
Kerry McDonald,1
Kiyah Willis,1
Leisa Hart,1
Ligeia Rose,1
Lin Zinser,1
Lolita Allgyer,1
Lucas Voltolini,1
Maddox Locher,1
Mark Coldren,1
Mark V. Kormes,1
Martin Hooss,1
Michael Cragin,1
Michael Mazzone,1
Mike Cronin,1
Mitchell Feinberg,1
Molly Sechrest,1
Nicholas Baum,1
Norman Podhoretz,1
Owen Lewis,1
Paul J. Beard III,1
Richard Mitchell,1
Richard Shedenhelm,1
Robert Bidinotto,1
Robert Ingersoll,1
Roberto Sarrionandia,1
Robin Field,1
Sarah Biddle; Craig Biddle,1
Saul Zimet,1
Seamus Riley,1
Sean Saulsbury,1
Stella Daily Zawistowski,1
Stephanie Bond,1
Stephen Bourque,1
Stephen R. C. Hicks,1
Steven Kornweiss,1
Stewart Margolis,1
Tara Smith,1
Tore Boeckmann,1
William Kingdon Clifford,1
Yaron Brook; Alex Epstein,1
Yvonne Laplante,1
Zachary Huffman,1
